{"cameraMode":{"drawMode":0,"name":"Shaded","section":"Shading Mode"},"sceneLighting":false,"audioPlay":false,"sceneViewState":{"m_AlwaysRefresh":false,"showFog":true,"showSkybox":false,"showFlares":true,"showImageEffects":true,"showParticleSystems":true,"showVisualEffectGraphs":true,"m_FxEnabled":true},"in2DMode":false,"pivot":{"x":-5.140227317810059,"y":0.6825700402259827,"z":1.739722490310669},"rotation":{"x":-0.015245220623910427,"y":0.9327185750007629,"z":-0.35891029238700869,"w":-0.04106821119785309},"size":1.6441364288330079,"orthographic":false}