{"cameraMode":{"drawMode":0,"name":"Shaded","section":"Shading Mode"},"sceneLighting":true,"audioPlay":false,"sceneViewState":{"m_AlwaysRefresh":false,"showFog":true,"showSkybox":true,"showFlares":true,"showImageEffects":true,"showParticleSystems":true,"showVisualEffectGraphs":true,"m_FxEnabled":true},"in2DMode":false,"pivot":{"x":25.99113655090332,"y":2.8993842601776125,"z":-44.70197677612305},"rotation":{"x":-0.5837990045547485,"y":-0.008855708874762059,"z":0.008090110495686531,"w":-0.8120802640914917},"size":4.821469306945801,"orthographic":false}