{"cameraMode":{"drawMode":0,"name":"Shaded","section":"Shading Mode"},"sceneLighting":true,"audioPlay":false,"sceneViewState":{"m_AlwaysRefresh":false,"showFog":true,"showSkybox":true,"showFlares":true,"showImageEffects":true,"showParticleSystems":true,"showVisualEffectGraphs":true,"m_FxEnabled":true},"in2DMode":false,"pivot":{"x":674.6698608398438,"y":442.77362060546877,"z":11.118804931640625},"rotation":{"x":-0.025806114077568055,"y":-0.005400287453085184,"z":0.00014163952437229455,"w":-0.9996611475944519},"size":425.386962890625,"orthographic":false}