{"cameraMode":{"drawMode":0,"name":"Shaded","section":"Shading Mode"},"sceneLighting":true,"audioPlay":false,"sceneViewState":{"m_AlwaysRefresh":false,"showFog":true,"showSkybox":true,"showFlares":true,"showImageEffects":true,"showParticleSystems":true,"showVisualEffectGraphs":true,"m_FxEnabled":true},"in2DMode":false,"pivot":{"x":1835.6865234375,"y":1107.555908203125,"z":617.2135620117188},"rotation":{"x":-0.03531244397163391,"y":0.0031182928942143919,"z":0.0006697482313029468,"w":-0.9995774030685425},"size":1463.5338134765625,"orthographic":false}