{"cameraMode":{"drawMode":0,"name":"Shaded","section":"Shading Mode"},"sceneLighting":false,"audioPlay":false,"sceneViewState":{"m_AlwaysRefresh":false,"showFog":true,"showSkybox":false,"showFlares":true,"showImageEffects":true,"showParticleSystems":true,"showVisualEffectGraphs":true,"m_FxEnabled":true},"in2DMode":false,"pivot":{"x":-5.774773597717285,"y":1.7378103733062745,"z":0.8915257453918457},"rotation":{"x":0.008744285441935063,"y":0.9465895295143127,"z":-0.3224419951438904,"w":0.025231147184967996},"size":4.14362096786499,"orthographic":false}